Task,Agent,Model,Response Time (s),Success,Response Size (tokens),Error Count,Details
Weather Task,Weather Agent,gpt-4o-mini,0.0039997100830078125,True,1355,0,"used_tools=0 tools_errors=0 delegations=0 i18n=I18N(prompt_file=None) name=None prompt_context=None description='Based on provided city, find what weather is.  City: {city}\n' expected_output='current temperature, maximum temperature, minimal temperature and related weather details in provided city.\n' config=None callback=None agent=Agent(role=Check weather in provided city.
, goal=Provide the current temperature, maximum temperature, minimum temperature and related weather details in provided city.
, backstory=Assist the user in finding out the current temperature, maximum temperature, minimal temperature and related weather details in the provided city.
) context=None async_execution=False output_json=None output_pydantic=None output_file=None output=None tools=[WeatherTool(name='WeatherTool', description=""Tool Name: WeatherTool\nTool Arguments: {'city': {'description': None, 'type': 'str'}}\nTool Description: Give info about weather conditions"", args_schema=<class 'abc.WeatherToolSchema'>, description_updated=False, cache_function=<function BaseTool.<lambda> at 0x000001515CD6AA20>, result_as_answer=False, api_key='4500882e5ecd0d29b8862784599a19a8')] id=UUID('35b39f5d-66f3-490c-ab08-18a6d3cff712') human_input=False converter_cls=None processed_by_agents=set() guardrail=None max_retries=3 retry_count=0 start_time=None end_time=None"
Attractions Task,Attractions Agent,gpt-4o-mini,0.0019996166229248047,True,881,0,"used_tools=0 tools_errors=0 delegations=0 i18n=I18N(prompt_file=None) name=None prompt_context=None description=""Based on the user's point of interest and budget, suggest interesting attractions. City: {city} Point of interest: {point_of_interest} Budget: {budget}\n"" expected_output='A few real attractions with cost in provided city.\n' config=None callback=None agent=Agent(role=Find attractions which fits to user preferences in provided city.
, goal=Provide the best attractions for user in provided city.
, backstory=Assist the user in finding best attractions in provided city.
) context=None async_execution=False output_json=None output_pydantic=None output_file=None output=None tools=[] id=UUID('b085b334-de22-4616-a931-3d9f9154b02c') human_input=False converter_cls=None processed_by_agents=set() guardrail=None max_retries=3 retry_count=0 start_time=None end_time=None"
Accommodation Task,Accommodation Agent,gpt-4o-mini,0.0015435218811035156,True,1121,0,"used_tools=0 tools_errors=0 delegations=0 i18n=I18N(prompt_file=None) name=None prompt_context=None description=""Based on the provided city, find the best existing accommodation that matches the user's budget and preferred accommodation. City: {city} Budget: {budget} Preferred accommodation: {preferred_accommodation}\n"" expected_output='A few real accommodations in the provided city with the cost per day.\n' config=None callback=None agent=Agent(role=Find accommodations that match the user's budget and preferred type accommodations in the provided city.
, goal=Recommend the best accommodation options in the provided city that fit the user's budget and accommodations preferences.
, backstory=Assist the user in discovering good accommodation options in the provided city, considering their budget and preferred type.
) context=None async_execution=False output_json=None output_pydantic=None output_file=None output=None tools=[] id=UUID('2e2984e8-0fd3-480b-9cc1-703383fa50e7') human_input=False converter_cls=None processed_by_agents=set() guardrail=None max_retries=3 retry_count=0 start_time=None end_time=None"
Transport Task,Transport Agent,gpt-4o-mini,0.001974344253540039,True,1057,0,"used_tools=0 tools_errors=0 delegations=0 i18n=I18N(prompt_file=None) name=None prompt_context=None description=""Based on the provided city, find the best existing transportation that matches the user's preferred transportation. City: {city} Preferred transportation {preferred_transportation}\n"" expected_output='A few real transport options in the provided city with the cost per day\n' config=None callback=None agent=Agent(role=Find transportation options that match the user's preferred type of transport in the provided city.
, goal=Recommend a few of the best transportation options in the provided city that fit the user.
, backstory=Assist the user in discovering the best transportation options in the provided city, considering their preferred type.
) context=None async_execution=False output_json=None output_pydantic=None output_file=None output=None tools=[] id=UUID('73ff327b-295c-4f5d-b351-c79ee5d3e2e8') human_input=False converter_cls=None processed_by_agents=set() guardrail=None max_retries=3 retry_count=0 start_time=None end_time=None"
Summarizer Task,Summarizer Agent,gpt-4o-mini,0.0019974708557128906,True,1411,0,"used_tools=0 tools_errors=0 delegations=0 i18n=I18N(prompt_file=None) name=None prompt_context=None description='Based on the results from the weather, attractions, accommodation, and transportation agents, provide a summary that includes the key details for the provided city.\n' expected_output='Return in form like this: Weather: current temperature, maximum temperature, minimum temperature, and related weather details from weather_agent. List of five attractions with cost from attractions_agent. List of five accommodations with cost per day from accommodation_agent. Two transport options options from transport_agent.\n' config=None callback=None agent=Agent(role=Summarize the results from weather, attractions, accommodation, and transportation agents for the provided city.
, goal=Provide a summary of the weather, recommended attractions, accommodation options, and transportation options based on the outputs of the corresponding agents.
, backstory=Assist the user by summarizing the information gathered from the weather, attractions, accommodation, and transportation agents for the provided city.
) context=None async_execution=False output_json=None output_pydantic=None output_file=None output=None tools=[] id=UUID('9b9c8e21-879a-4b42-829f-18f5d0d2e480') human_input=False converter_cls=None processed_by_agents=set() guardrail=None max_retries=3 retry_count=0 start_time=None end_time=None"
Translator Task,Translator Agent,gpt-4o-mini,0.0009996891021728516,True,1002,0,"used_tools=0 tools_errors=0 delegations=0 i18n=I18N(prompt_file=None) name=None prompt_context=None description='Translate the summary into the language specified by user in answer language. The content includes weather, attractions, accommodation, and transportation results.\n' expected_output='Return translated text in the same form as you receive.' config=None callback=None agent=Agent(role=Translate the provided information into the chosen by user language.
, goal=Translate the summarized results from summarizer_agent to the language specified by the user.
, backstory=Assist the user by translating the summarized information into the chosen language, ensuring all content is correctly adapted.
) context=None async_execution=False output_json=None output_pydantic=None output_file=None output=None tools=[] id=UUID('eefe2d59-0473-4555-a3e4-5e5f208ce579') human_input=False converter_cls=None processed_by_agents=set() guardrail=None max_retries=3 retry_count=0 start_time=None end_time=None"
